{
    "width": 424,
    "height": 240,
    "intrinsic_matrix": [
        307.1320495605469,
        0,
        0,
        0,
        307.3073425292969,
        0,
        212.74960327148438,
        119.23495483398438,
        1
    ]
}